{
	"class_name" : "PinholeCameraParameters",
	"extrinsic" : 
	[
		-0.046016578054670125,
		-0.88325883084853518,
		-0.46662223722430701,
		0.0,
		-0.71738284946433684,
		0.35428398041129289,
		-0.59987057647325837,
		0.0,
		0.69515776758845693,
		0.30714279895841545,
		-0.64993767332677632,
		0.0,
		14.27851930268419,
		-6.9150488475323364,
		29.424278292997254,
		1.0
	],
	"intrinsic" : 
	{
		"height" : 1055,
		"intrinsic_matrix" : 
		[
			913.65680099258282,
			0.0,
			0.0,
			0.0,
			913.65680099258282,
			0.0,
			959.5,
			527.0,
			1.0
		],
		"width" : 1920
	},
	"version_major" : 1,
	"version_minor" : 0
}